INDPB,MUTPB,CXPB,AEP
0.05,0.05,0.05,10007345.453024384
0.05,0.05,0.1,9009065.722871829
0.05,0.05,0.15,10167605.83603708
0.05,0.05,0.2,9227902.28475932
0.05,0.05,0.25,9239629.996072635
