INDPB,MUTPB,CXPB,AEP
0.05,0.05,0.05,10007345.453024384
0.05,0.05,0.1,9009065.722871829
