INDPB,MUTPB,CXPB,AEP
0.05,0.05,0.05,381293.90538817074
0.05,0.05,0.1,385009.28313029057
0.05,0.05,0.15,385119.3832578891
0.05,0.05,0.2,388291.79753856524
0.05,0.05,0.25,398051.5190855714
0.05,0.05,0.3,388116.9393281794
0.05,0.05,0.35,401219.3518250955
