INDPB,MUTPB,CXPB,AEP
0.95,0.95,0.95,376939.3679188535
0.95,0.95,1.0,380230.93619978323
0.95,1.0,0.95,379365.9953505298
0.95,1.0,1.0,382696.04878015333
1.0,0.95,0.95,379931.6112946875
1.0,0.95,1.0,379134.0497255615
1.0,1.0,0.95,380599.1307218238
1.0,1.0,1.0,379539.93414038816
