INDPB,MUTPB,CXPB,AEP
0.05,0.05,0.05,373709.59715151077
0.05,0.05,0.1,376545.0414325087
0.05,0.05,0.15,379774.11339331226
0.05,0.05,0.2,377300.5546798558
0.05,0.05,0.25,396421.6268256393
0.05,0.05,0.3,397825.18867342366
0.05,0.05,0.35,399059.8604455062
0.05,0.05,0.4,403770.19800116296
